{"cameraMode":{"drawMode":0,"name":"Shaded","section":"Shading Mode"},"sceneLighting":false,"audioPlay":false,"sceneViewState":{"showFog":true,"showMaterialUpdate":false,"showSkybox":true,"showFlares":true,"showImageEffects":true,"showParticleSystems":true},"in2DMode":false,"pivot":{"x":-7.510837554931641,"y":19.223167419433595,"z":25.456085205078126},"rotation":{"x":-0.1719251126050949,"y":0.016528870910406114,"z":-0.0029017531778663399,"w":-0.9849671125411987},"size":176.65879821777345,"orthographic":false}